{
    "$schema": "https://schema.management.azure.com/schemas/2015-01-01/deploymentTemplate.json#",
    "contentVersion": "1.0.0.0",
    "parameters": {
        "sites_iotfunc5546BE2E_name": {
            "defaultValue": "iotfunc5546BE2E",
            "type": "String"
        },
        "IotHubs_iothub5546BE2E_name": {
            "defaultValue": "iothub5546BE2E",
            "type": "String"
        },
        "components_iotfunc5546BE2E_name": {
            "defaultValue": "iotfunc5546BE2E",
            "type": "String"
        },
        "accounts_iotdls5546be2e_name": {
            "defaultValue": "iotdls5546be2e",
            "type": "String"
        },
        "serverfarms_ASP_IoTCapstoneRG_b30d_name": {
            "defaultValue": "ASP-IoTCapstoneRG-b30d",
            "type": "String"
        },
        "accounts_iotdla5546be2e_name": {
            "defaultValue": "iotdla5546be2e",
            "type": "String"
        },
        "streamingjobs_iotasa5546BE2E_name": {
            "defaultValue": "iotasa5546BE2E",
            "type": "String"
        },
        "storageAccounts_storageaccountiotcaacbd_name": {
            "defaultValue": "storageaccountiotcaacbd",
            "type": "String"
        },
        "actionGroups_Application_20Insights_20Smart_20Detection_name": {
            "defaultValue": "Application%20Insights%20Smart%20Detection",
            "type": "String"
        },
        "smartdetectoralertrules_failure_anomalies___iotfunc5546be2e_name": {
            "defaultValue": "failure anomalies - iotfunc5546be2e",
            "type": "String"
        }
    },
    "variables": {},
    "resources": [
        {
            "type": "Microsoft.DataLakeAnalytics/accounts",
            "apiVersion": "2016-11-01",
            "name": "[parameters('accounts_iotdla5546be2e_name')]",
            "location": "eastus2",
            "properties": {
                "firewallState": "Disabled",
                "firewallAllowAzureIps": "Disabled",
                "firewallRules": [],
                "defaultDataLakeStoreAccount": "iotdls5546be2e",
                "dataLakeStoreAccounts": [
                    {
                        "properties": {
                            "suffix": "azuredatalakestore.net"
                        },
                        "name": "iotdls5546be2e"
                    }
                ],
                "storageAccounts": [],
                "maxDegreeOfParallelism": 32,
                "maxJobCount": 20,
                "maxDegreeOfParallelismPerJob": 32,
                "minPriorityPerJob": 1,
                "computePolicies": [],
                "queryStoreRetention": 30,
                "newTier": "Consumption"
            }
        },
        {
            "type": "Microsoft.DataLakeStore/accounts",
            "apiVersion": "2016-11-01",
            "name": "[parameters('accounts_iotdls5546be2e_name')]",
            "location": "eastus2",
            "properties": {
                "firewallState": "Disabled",
                "firewallAllowAzureIps": "Disabled",
                "firewallRules": [],
                "trustedIdProviderState": "Disabled",
                "trustedIdProviders": [],
                "encryptionState": "Enabled",
                "encryptionConfig": {
                    "type": "ServiceManaged"
                },
                "newTier": "Consumption"
            }
        },
        {
            "type": "Microsoft.Devices/IotHubs",
            "apiVersion": "2018-04-01",
            "name": "[parameters('IotHubs_iothub5546BE2E_name')]",
            "location": "southindia",
            "sku": {
                "name": "S1",
                "tier": "Standard",
                "capacity": 1
            },
            "properties": {
                "operationsMonitoringProperties": {
                    "events": {
                        "None": "None",
                        "Connections": "None",
                        "DeviceTelemetry": "None",
                        "C2DCommands": "None",
                        "DeviceIdentityOperations": "None",
                        "FileUploadOperations": "None",
                        "Routes": "None"
                    }
                },
                "ipFilterRules": [],
                "eventHubEndpoints": {
                    "events": {
                        "retentionTimeInDays": 1,
                        "partitionCount": 4,
                        "partitionIds": [
                            "0",
                            "1",
                            "2",
                            "3"
                        ],
                        "path": "iothub5546be2e",
                        "endpoint": "sb://iothub-ns-iothub5546-2434619-6e4a612232.servicebus.windows.net/"
                    },
                    "operationsMonitoringEvents": {
                        "retentionTimeInDays": 1,
                        "partitionCount": 4,
                        "partitionIds": [
                            "0",
                            "1",
                            "2",
                            "3"
                        ],
                        "path": "iothub5546be2e-operationmonitoring",
                        "endpoint": "sb://iothub-ns-iothub5546-2434619-6e4a612232.servicebus.windows.net/"
                    }
                },
                "routing": {
                    "endpoints": {
                        "serviceBusQueues": [],
                        "serviceBusTopics": [],
                        "eventHubs": [],
                        "storageContainers": []
                    },
                    "routes": [
                        {
                            "name": "iotroute5546BE2E",
                            "source": "DeviceMessages",
                            "condition": "true",
                            "endpointNames": [
                                "events"
                            ],
                            "isEnabled": true
                        }
                    ],
                    "fallbackRoute": {
                        "name": "$fallback",
                        "source": "DeviceMessages",
                        "condition": "true",
                        "endpointNames": [
                            "events"
                        ],
                        "isEnabled": true
                    }
                },
                "storageEndpoints": {
                    "$default": {
                        "sasTtlAsIso8601": "PT1H",
                        "connectionString": "",
                        "containerName": ""
                    }
                },
                "messagingEndpoints": {
                    "fileNotifications": {
                        "lockDurationAsIso8601": "PT1M",
                        "ttlAsIso8601": "PT1H",
                        "maxDeliveryCount": 10
                    }
                },
                "enableFileUploadNotifications": false,
                "cloudToDevice": {
                    "maxDeliveryCount": 10,
                    "defaultTtlAsIso8601": "PT1H",
                    "feedback": {
                        "lockDurationAsIso8601": "PT1M",
                        "ttlAsIso8601": "PT1H",
                        "maxDeliveryCount": 10
                    }
                },
                "features": "None"
            }
        },
        {
            "type": "microsoft.insights/actionGroups",
            "apiVersion": "2019-03-01",
            "name": "[parameters('actionGroups_Application_20Insights_20Smart_20Detection_name')]",
            "location": "Global",
            "properties": {
                "groupShortName": "SmartDetect",
                "enabled": true,
                "emailReceivers": [],
                "smsReceivers": [],
                "webhookReceivers": [],
                "itsmReceivers": [],
                "azureAppPushReceivers": [],
                "automationRunbookReceivers": [],
                "voiceReceivers": [],
                "logicAppReceivers": [],
                "azureFunctionReceivers": []
            }
        },
        {
            "type": "microsoft.insights/components",
            "apiVersion": "2015-05-01",
            "name": "[parameters('components_iotfunc5546BE2E_name')]",
            "location": "centralindia",
            "kind": "web",
            "properties": {
                "Application_Type": "web",
                "Request_Source": "IbizaWebAppExtensionCreate"
            }
        },
        {
            "type": "Microsoft.Storage/storageAccounts",
            "apiVersion": "2019-04-01",
            "name": "[parameters('storageAccounts_storageaccountiotcaacbd_name')]",
            "location": "centralindia",
            "sku": {
                "name": "Standard_LRS",
                "tier": "Standard"
            },
            "kind": "Storage",
            "properties": {
                "networkAcls": {
                    "bypass": "AzureServices",
                    "virtualNetworkRules": [],
                    "ipRules": [],
                    "defaultAction": "Allow"
                },
                "supportsHttpsTrafficOnly": true,
                "encryption": {
                    "services": {
                        "file": {
                            "enabled": true
                        },
                        "blob": {
                            "enabled": true
                        }
                    },
                    "keySource": "Microsoft.Storage"
                }
            }
        },
        {
            "type": "Microsoft.StreamAnalytics/streamingjobs",
            "apiVersion": "2016-03-01",
            "name": "[parameters('streamingjobs_iotasa5546BE2E_name')]",
            "location": "Central India",
            "identity": {
                "principalId": "9a4eba8e-55a6-4d30-a323-36f2f3b042dc",
                "tenantId": "29c7853d-3992-4d59-bd80-c20c3bb39786",
                "type": "SystemAssigned"
            },
            "properties": {
                "sku": {
                    "name": "Standard"
                },
                "outputStartMode": "JobStartTime",
                "outputStartTime": "2019-11-07T07:10:33.403Z",
                "eventsOutOfOrderPolicy": "Adjust",
                "outputErrorPolicy": "Stop",
                "eventsOutOfOrderMaxDelayInSeconds": 0,
                "eventsLateArrivalMaxDelayInSeconds": 5,
                "dataLocale": "en-US",
                "compatibilityLevel": "1.1"
            }
        },
        {
            "type": "Microsoft.Web/serverfarms",
            "apiVersion": "2016-09-01",
            "name": "[parameters('serverfarms_ASP_IoTCapstoneRG_b30d_name')]",
            "location": "Central India",
            "sku": {
                "name": "Y1",
                "tier": "Dynamic",
                "size": "Y1",
                "family": "Y",
                "capacity": 0
            },
            "kind": "functionapp",
            "properties": {
                "name": "[parameters('serverfarms_ASP_IoTCapstoneRG_b30d_name')]",
                "perSiteScaling": false,
                "reserved": false,
                "targetWorkerCount": 0,
                "targetWorkerSizeId": 0
            }
        },
        {
            "type": "Microsoft.DataLakeAnalytics/accounts/dataLakeStoreAccounts",
            "apiVersion": "2016-11-01",
            "name": "[concat(parameters('accounts_iotdla5546be2e_name'), '/iotdls5546be2e')]",
            "dependsOn": [
                "[resourceId('Microsoft.DataLakeAnalytics/accounts', parameters('accounts_iotdla5546be2e_name'))]"
            ],
            "properties": {}
        },
        {
            "type": "Microsoft.Storage/storageAccounts/blobServices",
            "apiVersion": "2019-04-01",
            "name": "[concat(parameters('storageAccounts_storageaccountiotcaacbd_name'), '/default')]",
            "dependsOn": [
                "[resourceId('Microsoft.Storage/storageAccounts', parameters('storageAccounts_storageaccountiotcaacbd_name'))]"
            ],
            "properties": {
                "cors": {
                    "corsRules": []
                },
                "deleteRetentionPolicy": {
                    "enabled": false
                }
            }
        },
        {
            "type": "Microsoft.StreamAnalytics/streamingjobs/inputs",
            "apiVersion": "2016-03-01",
            "name": "[concat(parameters('streamingjobs_iotasa5546BE2E_name'), '/iotinput5546BE2E')]",
            "dependsOn": [
                "[resourceId('Microsoft.StreamAnalytics/streamingjobs', parameters('streamingjobs_iotasa5546BE2E_name'))]"
            ],
            "properties": {
                "type": "Stream",
                "datasource": {
                    "type": "Microsoft.Devices/IotHubs",
                    "properties": {
                        "iotHubNamespace": "iothub5546BE2E",
                        "sharedAccessPolicyName": "iothubowner",
                        "endpoint": "messages/events",
                        "consumerGroupName": "iotcg5546be2e"
                    }
                },
                "compression": {
                    "type": "None"
                },
                "partitionKey": "",
                "serialization": {
                    "type": "Json",
                    "properties": {
                        "encoding": "UTF8"
                    }
                },
                "etag": "f2d684f4-21c6-4b3e-912c-633596ddc246"
            }
        },
        {
            "type": "Microsoft.StreamAnalytics/streamingjobs/outputs",
            "apiVersion": "2016-03-01",
            "name": "[concat(parameters('streamingjobs_iotasa5546BE2E_name'), '/iotfuncoutput5546be2e')]",
            "dependsOn": [
                "[resourceId('Microsoft.StreamAnalytics/streamingjobs', parameters('streamingjobs_iotasa5546BE2E_name'))]"
            ],
            "properties": {
                "datasource": {
                    "type": "Microsoft.AzureFunction",
                    "properties": {
                        "functionAppName": "iotfunc5546BE2E",
                        "functionName": "WindSpeedHttpTrigger",
                        "apiKey": null
                    }
                }
            }
        },
        {
            "type": "Microsoft.StreamAnalytics/streamingjobs/outputs",
            "apiVersion": "2016-03-01",
            "name": "[concat(parameters('streamingjobs_iotasa5546BE2E_name'), '/iotoutput5546BE2E')]",
            "dependsOn": [
                "[resourceId('Microsoft.StreamAnalytics/streamingjobs', parameters('streamingjobs_iotasa5546BE2E_name'))]"
            ],
            "properties": {
                "datasource": {
                    "type": "Microsoft.DataLake/Accounts",
                    "properties": {
                        "filePathPrefix": "telemetry/{date}",
                        "accountName": "iotdls5546be2e",
                        "tenantId": "29c7853d-3992-4d59-bd80-c20c3bb39786",
                        "dateFormat": "yyyy/MM/dd",
                        "timeFormat": "HH",
                        "authenticationMode": "UserToken",
                        "refreshToken": null,
                        "accessToken": null,
                        "tokenUserPrincipalName": "ab@srinivasubekkamitserveco.onmicrosoft.com",
                        "tokenUserDisplayName": " "
                    }
                },
                "serialization": {
                    "type": "Json",
                    "properties": {
                        "encoding": "UTF8",
                        "format": "Array"
                    }
                }
            }
        },
        {
            "type": "Microsoft.Web/sites",
            "apiVersion": "2016-08-01",
            "name": "[parameters('sites_iotfunc5546BE2E_name')]",
            "location": "Central India",
            "dependsOn": [
                "[resourceId('Microsoft.Web/serverfarms', parameters('serverfarms_ASP_IoTCapstoneRG_b30d_name'))]"
            ],
            "kind": "functionapp",
            "properties": {
                "enabled": true,
                "hostNameSslStates": [
                    {
                        "name": "iotfunc5546be2e.azurewebsites.net",
                        "sslState": "Disabled",
                        "hostType": "Standard"
                    },
                    {
                        "name": "iotfunc5546be2e.scm.azurewebsites.net",
                        "sslState": "Disabled",
                        "hostType": "Repository"
                    }
                ],
                "serverFarmId": "[resourceId('Microsoft.Web/serverfarms', parameters('serverfarms_ASP_IoTCapstoneRG_b30d_name'))]",
                "reserved": false,
                "scmSiteAlsoStopped": false,
                "clientAffinityEnabled": true,
                "clientCertEnabled": false,
                "hostNamesDisabled": false,
                "containerSize": 1536,
                "dailyMemoryTimeQuota": 0,
                "httpsOnly": false
            }
        },
        {
            "type": "Microsoft.Web/sites/config",
            "apiVersion": "2016-08-01",
            "name": "[concat(parameters('sites_iotfunc5546BE2E_name'), '/web')]",
            "location": "Central India",
            "dependsOn": [
                "[resourceId('Microsoft.Web/sites', parameters('sites_iotfunc5546BE2E_name'))]"
            ],
            "properties": {
                "numberOfWorkers": 1,
                "defaultDocuments": [
                    "Default.htm",
                    "Default.html",
                    "Default.asp",
                    "index.htm",
                    "index.html",
                    "iisstart.htm",
                    "default.aspx",
                    "index.php"
                ],
                "netFrameworkVersion": "v4.0",
                "phpVersion": "5.6",
                "pythonVersion": "",
                "nodeVersion": "",
                "linuxFxVersion": "",
                "requestTracingEnabled": false,
                "remoteDebuggingEnabled": false,
                "httpLoggingEnabled": false,
                "logsDirectorySizeLimit": 35,
                "detailedErrorLoggingEnabled": false,
                "publishingUsername": "$iotfunc5546BE2E",
                "scmType": "None",
                "use32BitWorkerProcess": true,
                "webSocketsEnabled": false,
                "alwaysOn": false,
                "appCommandLine": "",
                "managedPipelineMode": "Integrated",
                "virtualApplications": [
                    {
                        "virtualPath": "/",
                        "physicalPath": "site\\wwwroot",
                        "preloadEnabled": false,
                        "virtualDirectories": null
                    }
                ],
                "winAuthAdminState": 0,
                "winAuthTenantState": 0,
                "customAppPoolIdentityAdminState": false,
                "customAppPoolIdentityTenantState": false,
                "loadBalancing": "LeastRequests",
                "routingRules": [],
                "experiments": {
                    "rampUpRules": []
                },
                "autoHealEnabled": false,
                "vnetName": "",
                "siteAuthEnabled": false,
                "siteAuthSettings": {
                    "enabled": null,
                    "unauthenticatedClientAction": null,
                    "tokenStoreEnabled": null,
                    "allowedExternalRedirectUrls": null,
                    "defaultProvider": null,
                    "clientId": null,
                    "clientSecret": null,
                    "clientSecretCertificateThumbprint": null,
                    "issuer": null,
                    "allowedAudiences": null,
                    "additionalLoginParams": null,
                    "isAadAutoProvisioned": false,
                    "googleClientId": null,
                    "googleClientSecret": null,
                    "googleOAuthScopes": null,
                    "facebookAppId": null,
                    "facebookAppSecret": null,
                    "facebookOAuthScopes": null,
                    "twitterConsumerKey": null,
                    "twitterConsumerSecret": null,
                    "microsoftAccountClientId": null,
                    "microsoftAccountClientSecret": null,
                    "microsoftAccountOAuthScopes": null
                },
                "cors": {
                    "allowedOrigins": [
                        "https://functions.azure.com",
                        "https://functions-staging.azure.com",
                        "https://functions-next.azure.com"
                    ],
                    "supportCredentials": false
                },
                "localMySqlEnabled": false,
                "http20Enabled": false,
                "minTlsVersion": "1.2",
                "ftpsState": "AllAllowed",
                "reservedInstanceCount": 0,
                "fileChangeAuditEnabled": false,
                "functionsRuntimeScaleMonitoringEnabled": false
            }
        },
        {
            "type": "Microsoft.Web/sites/deployments",
            "apiVersion": "2016-08-01",
            "name": "[concat(parameters('sites_iotfunc5546BE2E_name'), '/1f4036ef9e794b9d8b409d3a938b4a9b')]",
            "location": "Central India",
            "dependsOn": [
                "[resourceId('Microsoft.Web/sites', parameters('sites_iotfunc5546BE2E_name'))]"
            ],
            "properties": {
                "id": "1f4036ef9e794b9d8b409d3a938b4a9b",
                "status": 4,
                "author_email": "N/A",
                "author": "VS Code",
                "deployer": "Push-Deployer",
                "message": "Created via a push deployment",
                "start_time": "2019-11-07T05:03:43.7113765Z",
                "end_time": "2019-11-07T05:04:00.8856538Z",
                "active": false
            }
        },
        {
            "type": "Microsoft.Web/sites/deployments",
            "apiVersion": "2016-08-01",
            "name": "[concat(parameters('sites_iotfunc5546BE2E_name'), '/a214c790197c4d2e81f6d8dcdd5306c4')]",
            "location": "Central India",
            "dependsOn": [
                "[resourceId('Microsoft.Web/sites', parameters('sites_iotfunc5546BE2E_name'))]"
            ],
            "properties": {
                "id": "a214c790197c4d2e81f6d8dcdd5306c4",
                "status": 4,
                "author_email": "N/A",
                "author": "VS Code",
                "deployer": "Push-Deployer",
                "message": "Created via a push deployment",
                "start_time": "2019-11-07T05:39:11.567862Z",
                "end_time": "2019-11-07T05:39:25.1474715Z",
                "active": true
            }
        },
        {
            "type": "Microsoft.Web/sites/hostNameBindings",
            "apiVersion": "2016-08-01",
            "name": "[concat(parameters('sites_iotfunc5546BE2E_name'), '/', parameters('sites_iotfunc5546BE2E_name'), '.azurewebsites.net')]",
            "location": "Central India",
            "dependsOn": [
                "[resourceId('Microsoft.Web/sites', parameters('sites_iotfunc5546BE2E_name'))]"
            ],
            "properties": {
                "siteName": "iotfunc5546BE2E",
                "hostNameType": "Verified"
            }
        },
        {
            "type": "microsoft.alertsmanagement/smartdetectoralertrules",
            "apiVersion": "2019-06-01",
            "name": "[parameters('smartdetectoralertrules_failure_anomalies___iotfunc5546be2e_name')]",
            "location": "global",
            "dependsOn": [
                "[resourceId('microsoft.insights/components', parameters('components_iotfunc5546BE2E_name'))]",
                "[resourceId('microsoft.insights/actionGroups', parameters('actionGroups_Application_20Insights_20Smart_20Detection_name'))]"
            ],
            "properties": {
                "description": "Failure Anomalies notifies you of an unusual rise in the rate of failed HTTP requests or dependency calls.",
                "state": "Enabled",
                "severity": "Sev3",
                "frequency": "PT1M",
                "detector": {
                    "id": "FailureAnomaliesDetector"
                },
                "scope": [
                    "[resourceId('microsoft.insights/components', parameters('components_iotfunc5546BE2E_name'))]"
                ],
                "actionGroups": {
                    "groupIds": [
                        "[resourceId('microsoft.insights/actionGroups', parameters('actionGroups_Application_20Insights_20Smart_20Detection_name'))]"
                    ]
                }
            }
        },
        {
            "type": "Microsoft.Storage/storageAccounts/blobServices/containers",
            "apiVersion": "2019-04-01",
            "name": "[concat(parameters('storageAccounts_storageaccountiotcaacbd_name'), '/default/azure-webjobs-hosts')]",
            "dependsOn": [
                "[resourceId('Microsoft.Storage/storageAccounts/blobServices', parameters('storageAccounts_storageaccountiotcaacbd_name'), 'default')]",
                "[resourceId('Microsoft.Storage/storageAccounts', parameters('storageAccounts_storageaccountiotcaacbd_name'))]"
            ],
            "properties": {
                "publicAccess": "None"
            }
        },
        {
            "type": "Microsoft.Storage/storageAccounts/blobServices/containers",
            "apiVersion": "2019-04-01",
            "name": "[concat(parameters('storageAccounts_storageaccountiotcaacbd_name'), '/default/azure-webjobs-secrets')]",
            "dependsOn": [
                "[resourceId('Microsoft.Storage/storageAccounts/blobServices', parameters('storageAccounts_storageaccountiotcaacbd_name'), 'default')]",
                "[resourceId('Microsoft.Storage/storageAccounts', parameters('storageAccounts_storageaccountiotcaacbd_name'))]"
            ],
            "properties": {
                "publicAccess": "None"
            }
        }
    ]
}