{
    "$schema": "https://schema.management.azure.com/schemas/2015-01-01/deploymentParameters.json#",
    "contentVersion": "1.0.0.0",
    "parameters": {
        "IotHubs_iothub5546BE2E_connectionString": {
            "value": null
        },
        "IotHubs_iothub5546BE2E_containerName": {
            "value": null
        },
        "sites_iotfunc5546BE2E_name": {
            "value": null
        },
        "IotHubs_iothub5546BE2E_name": {
            "value": null
        },
        "components_iotfunc5546BE2E_name": {
            "value": null
        },
        "accounts_iotdls5546be2e_name": {
            "value": null
        },
        "serverfarms_ASP_IoTCapstoneRG_b30d_name": {
            "value": null
        },
        "accounts_iotdla5546be2e_name": {
            "value": null
        },
        "streamingjobs_iotasa5546BE2E_name": {
            "value": null
        },
        "databaseAccounts_iotcosmos5546be2e_name": {
            "value": null
        },
        "environments_iottsi5546BE2E_name": {
            "value": null
        },
        "storageAccounts_storageaccountiotcaacbd_name": {
            "value": null
        },
        "actionGroups_Application_20Insights_20Smart_20Detection_name": {
            "value": null
        },
        "smartdetectoralertrules_failure_anomalies___iotfunc5546be2e_name": {
            "value": null
        }
    }
}