{
    "$schema": "https://schema.management.azure.com/schemas/2015-01-01/deploymentTemplate.json#",
    "contentVersion": "1.0.0.0",
    "parameters": {
        "IotHubs_iothub5546BE2E_connectionString": {
            "type": "SecureString"
        },
        "IotHubs_iothub5546BE2E_containerName": {
            "type": "SecureString"
        },
        "sites_iotfunc5546BE2E_name": {
            "defaultValue": "iotfunc5546BE2E",
            "type": "String"
        },
        "IotHubs_iothub5546BE2E_name": {
            "defaultValue": "iothub5546BE2E",
            "type": "String"
        },
        "components_iotfunc5546BE2E_name": {
            "defaultValue": "iotfunc5546BE2E",
            "type": "String"
        },
        "accounts_iotdls5546be2e_name": {
            "defaultValue": "iotdls5546be2e",
            "type": "String"
        },
        "serverfarms_ASP_IoTCapstoneRG_b30d_name": {
            "defaultValue": "ASP-IoTCapstoneRG-b30d",
            "type": "String"
        },
        "accounts_iotdla5546be2e_name": {
            "defaultValue": "iotdla5546be2e",
            "type": "String"
        },
        "streamingjobs_iotasa5546BE2E_name": {
            "defaultValue": "iotasa5546BE2E",
            "type": "String"
        },
        "databaseAccounts_iotcosmos5546be2e_name": {
            "defaultValue": "iotcosmos5546be2e",
            "type": "String"
        },
        "environments_iottsi5546BE2E_name": {
            "defaultValue": "iottsi5546BE2E",
            "type": "String"
        },
        "storageAccounts_storageaccountiotcaacbd_name": {
            "defaultValue": "storageaccountiotcaacbd",
            "type": "String"
        },
        "actionGroups_Application_20Insights_20Smart_20Detection_name": {
            "defaultValue": "Application%20Insights%20Smart%20Detection",
            "type": "String"
        },
        "smartdetectoralertrules_failure_anomalies___iotfunc5546be2e_name": {
            "defaultValue": "failure anomalies - iotfunc5546be2e",
            "type": "String"
        }
    },
    "variables": {},
    "resources": [
        {
            "type": "Microsoft.DataLakeAnalytics/accounts",
            "apiVersion": "2016-11-01",
            "name": "[parameters('accounts_iotdla5546be2e_name')]",
            "location": "eastus2",
            "properties": {
                "firewallState": "Disabled",
                "firewallAllowAzureIps": "Disabled",
                "firewallRules": [],
                "defaultDataLakeStoreAccount": "iotdls5546be2e",
                "dataLakeStoreAccounts": [
                    {
                        "properties": {
                            "suffix": "azuredatalakestore.net"
                        },
                        "name": "iotdls5546be2e"
                    }
                ],
                "storageAccounts": [],
                "maxDegreeOfParallelism": 32,
                "maxJobCount": 20,
                "maxDegreeOfParallelismPerJob": 32,
                "minPriorityPerJob": 1,
                "computePolicies": [],
                "queryStoreRetention": 30,
                "newTier": "Consumption"
            }
        },
        {
            "type": "Microsoft.DataLakeStore/accounts",
            "apiVersion": "2016-11-01",
            "name": "[parameters('accounts_iotdls5546be2e_name')]",
            "location": "eastus2",
            "properties": {
                "firewallState": "Disabled",
                "firewallAllowAzureIps": "Disabled",
                "firewallRules": [],
                "trustedIdProviderState": "Disabled",
                "trustedIdProviders": [],
                "encryptionState": "Enabled",
                "encryptionConfig": {
                    "type": "ServiceManaged"
                },
                "newTier": "Consumption"
            }
        },
        {
            "type": "Microsoft.Devices/IotHubs",
            "apiVersion": "2019-07-01-preview",
            "name": "[parameters('IotHubs_iothub5546BE2E_name')]",
            "location": "southindia",
            "sku": {
                "name": "S1",
                "tier": "Standard",
                "capacity": 1
            },
            "properties": {
                "ipFilterRules": [],
                "eventHubEndpoints": {
                    "events": {
                        "retentionTimeInDays": 1,
                        "partitionCount": 4
                    }
                },
                "routing": {
                    "endpoints": {
                        "serviceBusQueues": [],
                        "serviceBusTopics": [],
                        "eventHubs": [],
                        "storageContainers": []
                    },
                    "routes": [
                        {
                            "name": "iotroute5546BE2E",
                            "source": "DeviceMessages",
                            "condition": "true",
                            "endpointNames": [
                                "events"
                            ],
                            "isEnabled": true
                        }
                    ],
                    "fallbackRoute": {
                        "name": "$fallback",
                        "source": "DeviceMessages",
                        "condition": "true",
                        "endpointNames": [
                            "events"
                        ],
                        "isEnabled": true
                    }
                },
                "storageEndpoints": {
                    "$default": {
                        "sasTtlAsIso8601": "PT1H",
                        "connectionString": "[parameters('IotHubs_iothub5546BE2E_connectionString')]",
                        "containerName": "[parameters('IotHubs_iothub5546BE2E_containerName')]"
                    }
                },
                "messagingEndpoints": {
                    "fileNotifications": {
                        "lockDurationAsIso8601": "PT1M",
                        "ttlAsIso8601": "PT1H",
                        "maxDeliveryCount": 10
                    }
                },
                "enableFileUploadNotifications": false,
                "cloudToDevice": {
                    "maxDeliveryCount": 10,
                    "defaultTtlAsIso8601": "PT1H",
                    "feedback": {
                        "lockDurationAsIso8601": "PT1M",
                        "ttlAsIso8601": "PT1H",
                        "maxDeliveryCount": 10
                    }
                },
                "features": "None"
            }
        },
        {
            "type": "Microsoft.DocumentDB/databaseAccounts",
            "apiVersion": "2019-08-01",
            "name": "[parameters('databaseAccounts_iotcosmos5546be2e_name')]",
            "location": "Central India",
            "tags": {
                "defaultExperience": "Core (SQL)"
            },
            "kind": "GlobalDocumentDB",
            "properties": {
                "enableAutomaticFailover": false,
                "enableMultipleWriteLocations": false,
                "isVirtualNetworkFilterEnabled": false,
                "virtualNetworkRules": [],
                "disableKeyBasedMetadataWriteAccess": false,
                "databaseAccountOfferType": "Standard",
                "consistencyPolicy": {
                    "defaultConsistencyLevel": "Session",
                    "maxIntervalInSeconds": 5,
                    "maxStalenessPrefix": 100
                },
                "locations": [
                    {
                        "locationName": "Central India",
                        "provisioningState": "Succeeded",
                        "failoverPriority": 0,
                        "isZoneRedundant": false
                    }
                ],
                "capabilities": []
            }
        },
        {
            "type": "microsoft.insights/actionGroups",
            "apiVersion": "2019-03-01",
            "name": "[parameters('actionGroups_Application_20Insights_20Smart_20Detection_name')]",
            "location": "Global",
            "properties": {
                "groupShortName": "SmartDetect",
                "enabled": true,
                "emailReceivers": [],
                "smsReceivers": [],
                "webhookReceivers": [],
                "itsmReceivers": [],
                "azureAppPushReceivers": [],
                "automationRunbookReceivers": [],
                "voiceReceivers": [],
                "logicAppReceivers": [],
                "azureFunctionReceivers": []
            }
        },
        {
            "type": "microsoft.insights/components",
            "apiVersion": "2015-05-01",
            "name": "[parameters('components_iotfunc5546BE2E_name')]",
            "location": "centralindia",
            "kind": "web",
            "properties": {
                "Application_Type": "web",
                "Request_Source": "IbizaWebAppExtensionCreate"
            }
        },
        {
            "type": "Microsoft.Storage/storageAccounts",
            "apiVersion": "2019-04-01",
            "name": "[parameters('storageAccounts_storageaccountiotcaacbd_name')]",
            "location": "centralindia",
            "sku": {
                "name": "Standard_LRS",
                "tier": "Standard"
            },
            "kind": "Storage",
            "properties": {
                "networkAcls": {
                    "bypass": "AzureServices",
                    "virtualNetworkRules": [],
                    "ipRules": [],
                    "defaultAction": "Allow"
                },
                "supportsHttpsTrafficOnly": true,
                "encryption": {
                    "services": {
                        "file": {
                            "enabled": true
                        },
                        "blob": {
                            "enabled": true
                        }
                    },
                    "keySource": "Microsoft.Storage"
                }
            }
        },
        {
            "type": "Microsoft.StreamAnalytics/streamingjobs",
            "apiVersion": "2016-03-01",
            "name": "[parameters('streamingjobs_iotasa5546BE2E_name')]",
            "location": "Central India",
            "identity": {
                "principalId": "9a4eba8e-55a6-4d30-a323-36f2f3b042dc",
                "tenantId": "29c7853d-3992-4d59-bd80-c20c3bb39786",
                "type": "SystemAssigned"
            },
            "properties": {
                "sku": {
                    "name": "Standard"
                },
                "outputStartMode": "JobStartTime",
                "outputStartTime": "2019-11-14T15:07:38.073Z",
                "eventsOutOfOrderPolicy": "Adjust",
                "outputErrorPolicy": "Stop",
                "eventsOutOfOrderMaxDelayInSeconds": 0,
                "eventsLateArrivalMaxDelayInSeconds": 5,
                "dataLocale": "en-US",
                "compatibilityLevel": "1.1"
            }
        },
        {
            "type": "Microsoft.TimeSeriesInsights/environments",
            "apiVersion": "2017-11-15",
            "name": "[parameters('environments_iottsi5546BE2E_name')]",
            "location": "eastus",
            "sku": {
                "name": "S1",
                "capacity": 1
            },
            "kind": "Standard",
            "properties": {
                "dataRetentionTime": "P30D",
                "storageLimitExceededBehavior": "PurgeOldData"
            }
        },
        {
            "type": "Microsoft.Web/serverfarms",
            "apiVersion": "2018-02-01",
            "name": "[parameters('serverfarms_ASP_IoTCapstoneRG_b30d_name')]",
            "location": "Central India",
            "sku": {
                "name": "Y1",
                "tier": "Dynamic",
                "size": "Y1",
                "family": "Y",
                "capacity": 0
            },
            "kind": "functionapp",
            "properties": {
                "perSiteScaling": false,
                "maximumElasticWorkerCount": 1,
                "isSpot": false,
                "reserved": false,
                "isXenon": false,
                "hyperV": false,
                "targetWorkerCount": 0,
                "targetWorkerSizeId": 0
            }
        },
        {
            "type": "Microsoft.DataLakeAnalytics/accounts/dataLakeStoreAccounts",
            "apiVersion": "2016-11-01",
            "name": "[concat(parameters('accounts_iotdla5546be2e_name'), '/iotdls5546be2e')]",
            "dependsOn": [
                "[resourceId('Microsoft.DataLakeAnalytics/accounts', parameters('accounts_iotdla5546be2e_name'))]"
            ],
            "properties": {
                "suffix": "azuredatalakestore.net"
            }
        },
        {
            "type": "Microsoft.DocumentDB/databaseAccounts/sqlDatabases",
            "apiVersion": "2019-08-01",
            "name": "[concat(parameters('databaseAccounts_iotcosmos5546be2e_name'), '/iotcosmosdb5546be2e')]",
            "dependsOn": [
                "[resourceId('Microsoft.DocumentDB/databaseAccounts', parameters('databaseAccounts_iotcosmos5546be2e_name'))]"
            ],
            "properties": {
                "resource": {
                    "id": "iotcosmosdb5546be2e"
                },
                "options": {}
            }
        },
        {
            "type": "Microsoft.Storage/storageAccounts/blobServices",
            "apiVersion": "2019-04-01",
            "name": "[concat(parameters('storageAccounts_storageaccountiotcaacbd_name'), '/default')]",
            "dependsOn": [
                "[resourceId('Microsoft.Storage/storageAccounts', parameters('storageAccounts_storageaccountiotcaacbd_name'))]"
            ],
            "properties": {
                "cors": {
                    "corsRules": []
                },
                "deleteRetentionPolicy": {
                    "enabled": false
                }
            }
        },
        {
            "type": "Microsoft.StreamAnalytics/streamingjobs/inputs",
            "apiVersion": "2016-03-01",
            "name": "[concat(parameters('streamingjobs_iotasa5546BE2E_name'), '/iotinput5546BE2E')]",
            "dependsOn": [
                "[resourceId('Microsoft.StreamAnalytics/streamingjobs', parameters('streamingjobs_iotasa5546BE2E_name'))]"
            ],
            "properties": {
                "type": "Stream",
                "datasource": {
                    "type": "Microsoft.Devices/IotHubs",
                    "properties": {
                        "iotHubNamespace": "iothub5546BE2E",
                        "sharedAccessPolicyName": "iothubowner",
                        "endpoint": "messages/events",
                        "consumerGroupName": "iotcg5546be2e"
                    }
                },
                "compression": {
                    "type": "None"
                },
                "partitionKey": "",
                "serialization": {
                    "type": "Json",
                    "properties": {
                        "encoding": "UTF8"
                    }
                },
                "etag": "f2d684f4-21c6-4b3e-912c-633596ddc246"
            }
        },
        {
            "type": "Microsoft.StreamAnalytics/streamingjobs/outputs",
            "apiVersion": "2016-03-01",
            "name": "[concat(parameters('streamingjobs_iotasa5546BE2E_name'), '/iotcosmosouput5546be2e')]",
            "dependsOn": [
                "[resourceId('Microsoft.StreamAnalytics/streamingjobs', parameters('streamingjobs_iotasa5546BE2E_name'))]"
            ],
            "properties": {
                "datasource": {
                    "type": "Microsoft.Storage/DocumentDB",
                    "properties": {
                        "accountId": "iotcosmos5546be2e",
                        "accountKey": null,
                        "database": "iotcosmosdb5546be2e",
                        "collectionNamePattern": "iotcosmoscontainer5546be2e"
                    }
                }
            }
        },
        {
            "type": "Microsoft.StreamAnalytics/streamingjobs/outputs",
            "apiVersion": "2016-03-01",
            "name": "[concat(parameters('streamingjobs_iotasa5546BE2E_name'), '/iotfuncoutput5546be2e')]",
            "dependsOn": [
                "[resourceId('Microsoft.StreamAnalytics/streamingjobs', parameters('streamingjobs_iotasa5546BE2E_name'))]"
            ],
            "properties": {
                "datasource": {
                    "type": "Microsoft.AzureFunction",
                    "properties": {
                        "functionAppName": "iotfunc5546BE2E",
                        "functionName": "WindSpeedHttpTrigger",
                        "apiKey": null
                    }
                }
            }
        },
        {
            "type": "Microsoft.StreamAnalytics/streamingjobs/outputs",
            "apiVersion": "2016-03-01",
            "name": "[concat(parameters('streamingjobs_iotasa5546BE2E_name'), '/iotoutput5546BE2E')]",
            "dependsOn": [
                "[resourceId('Microsoft.StreamAnalytics/streamingjobs', parameters('streamingjobs_iotasa5546BE2E_name'))]"
            ],
            "properties": {
                "datasource": {
                    "type": "Microsoft.DataLake/Accounts",
                    "properties": {
                        "filePathPrefix": "telemetry/{date}",
                        "accountName": "iotdls5546be2e",
                        "tenantId": "29c7853d-3992-4d59-bd80-c20c3bb39786",
                        "dateFormat": "yyyy/MM/dd",
                        "timeFormat": "HH",
                        "authenticationMode": "UserToken",
                        "refreshToken": null,
                        "accessToken": null,
                        "tokenUserPrincipalName": "ab@srinivasubekkamitserveco.onmicrosoft.com",
                        "tokenUserDisplayName": " "
                    }
                },
                "serialization": {
                    "type": "Json",
                    "properties": {
                        "encoding": "UTF8",
                        "format": "Array"
                    }
                }
            }
        },
        {
            "type": "Microsoft.TimeSeriesInsights/environments/accesspolicies",
            "apiVersion": "2018-08-15-preview",
            "name": "[concat(parameters('environments_iottsi5546BE2E_name'), '/ownerAccessPolicyName')]",
            "dependsOn": [
                "[resourceId('Microsoft.TimeSeriesInsights/environments', parameters('environments_iottsi5546BE2E_name'))]"
            ],
            "properties": {
                "principalObjectId": "a0203425-0f89-43e1-872c-2f6a8ce6844a",
                "roles": [
                    "Reader",
                    "Contributor"
                ]
            }
        },
        {
            "type": "Microsoft.Web/sites",
            "apiVersion": "2018-11-01",
            "name": "[parameters('sites_iotfunc5546BE2E_name')]",
            "location": "Central India",
            "dependsOn": [
                "[resourceId('Microsoft.Web/serverfarms', parameters('serverfarms_ASP_IoTCapstoneRG_b30d_name'))]"
            ],
            "kind": "functionapp",
            "properties": {
                "enabled": true,
                "hostNameSslStates": [
                    {
                        "name": "iotfunc5546be2e.azurewebsites.net",
                        "sslState": "Disabled",
                        "hostType": "Standard"
                    },
                    {
                        "name": "iotfunc5546be2e.scm.azurewebsites.net",
                        "sslState": "Disabled",
                        "hostType": "Repository"
                    }
                ],
                "serverFarmId": "[resourceId('Microsoft.Web/serverfarms', parameters('serverfarms_ASP_IoTCapstoneRG_b30d_name'))]",
                "reserved": false,
                "isXenon": false,
                "hyperV": false,
                "scmSiteAlsoStopped": false,
                "clientAffinityEnabled": true,
                "clientCertEnabled": false,
                "hostNamesDisabled": false,
                "containerSize": 1536,
                "dailyMemoryTimeQuota": 0,
                "httpsOnly": false,
                "redundancyMode": "None"
            }
        },
        {
            "type": "Microsoft.Web/sites/config",
            "apiVersion": "2016-08-01",
            "name": "[concat(parameters('sites_iotfunc5546BE2E_name'), '/web')]",
            "location": "Central India",
            "dependsOn": [
                "[resourceId('Microsoft.Web/sites', parameters('sites_iotfunc5546BE2E_name'))]"
            ],
            "properties": {
                "numberOfWorkers": 1,
                "defaultDocuments": [
                    "Default.htm",
                    "Default.html",
                    "Default.asp",
                    "index.htm",
                    "index.html",
                    "iisstart.htm",
                    "default.aspx",
                    "index.php"
                ],
                "netFrameworkVersion": "v4.0",
                "phpVersion": "5.6",
                "pythonVersion": "",
                "nodeVersion": "",
                "linuxFxVersion": "",
                "requestTracingEnabled": false,
                "remoteDebuggingEnabled": false,
                "httpLoggingEnabled": false,
                "logsDirectorySizeLimit": 35,
                "detailedErrorLoggingEnabled": false,
                "publishingUsername": "$iotfunc5546BE2E",
                "scmType": "None",
                "use32BitWorkerProcess": true,
                "webSocketsEnabled": false,
                "alwaysOn": false,
                "appCommandLine": "",
                "managedPipelineMode": "Integrated",
                "virtualApplications": [
                    {
                        "virtualPath": "/",
                        "physicalPath": "site\\wwwroot",
                        "preloadEnabled": false,
                        "virtualDirectories": null
                    }
                ],
                "winAuthAdminState": 0,
                "winAuthTenantState": 0,
                "customAppPoolIdentityAdminState": false,
                "customAppPoolIdentityTenantState": false,
                "loadBalancing": "LeastRequests",
                "routingRules": [],
                "experiments": {
                    "rampUpRules": []
                },
                "autoHealEnabled": false,
                "vnetName": "",
                "siteAuthEnabled": false,
                "siteAuthSettings": {
                    "enabled": null,
                    "unauthenticatedClientAction": null,
                    "tokenStoreEnabled": null,
                    "allowedExternalRedirectUrls": null,
                    "defaultProvider": null,
                    "clientId": null,
                    "clientSecret": null,
                    "clientSecretCertificateThumbprint": null,
                    "issuer": null,
                    "allowedAudiences": null,
                    "additionalLoginParams": null,
                    "isAadAutoProvisioned": false,
                    "googleClientId": null,
                    "googleClientSecret": null,
                    "googleOAuthScopes": null,
                    "facebookAppId": null,
                    "facebookAppSecret": null,
                    "facebookOAuthScopes": null,
                    "twitterConsumerKey": null,
                    "twitterConsumerSecret": null,
                    "microsoftAccountClientId": null,
                    "microsoftAccountClientSecret": null,
                    "microsoftAccountOAuthScopes": null
                },
                "cors": {
                    "allowedOrigins": [
                        "https://functions.azure.com",
                        "https://functions-staging.azure.com",
                        "https://functions-next.azure.com"
                    ],
                    "supportCredentials": false
                },
                "localMySqlEnabled": false,
                "http20Enabled": false,
                "minTlsVersion": "1.2",
                "ftpsState": "AllAllowed",
                "reservedInstanceCount": 0,
                "fileChangeAuditEnabled": false,
                "functionsRuntimeScaleMonitoringEnabled": false
            }
        },
        {
            "type": "Microsoft.Web/sites/deployments",
            "apiVersion": "2018-11-01",
            "name": "[concat(parameters('sites_iotfunc5546BE2E_name'), '/1f4036ef9e794b9d8b409d3a938b4a9b')]",
            "location": "Central India",
            "dependsOn": [
                "[resourceId('Microsoft.Web/sites', parameters('sites_iotfunc5546BE2E_name'))]"
            ],
            "properties": {
                "status": 4,
                "author_email": "N/A",
                "author": "VS Code",
                "deployer": "Push-Deployer",
                "message": "Created via a push deployment",
                "start_time": "2019-11-07T05:03:43.7113765Z",
                "end_time": "2019-11-07T05:04:00.8856538Z",
                "active": false
            }
        },
        {
            "type": "Microsoft.Web/sites/deployments",
            "apiVersion": "2018-11-01",
            "name": "[concat(parameters('sites_iotfunc5546BE2E_name'), '/3fb0b9ab4a324f83a44c800279d27a55')]",
            "location": "Central India",
            "dependsOn": [
                "[resourceId('Microsoft.Web/sites', parameters('sites_iotfunc5546BE2E_name'))]"
            ],
            "properties": {
                "status": 4,
                "author_email": "N/A",
                "author": "VS Code",
                "deployer": "Push-Deployer",
                "message": "Created via a push deployment",
                "start_time": "2019-11-13T12:00:30.7403418Z",
                "end_time": "2019-11-13T12:00:45.4591762Z",
                "active": true
            }
        },
        {
            "type": "Microsoft.Web/sites/deployments",
            "apiVersion": "2018-11-01",
            "name": "[concat(parameters('sites_iotfunc5546BE2E_name'), '/a214c790197c4d2e81f6d8dcdd5306c4')]",
            "location": "Central India",
            "dependsOn": [
                "[resourceId('Microsoft.Web/sites', parameters('sites_iotfunc5546BE2E_name'))]"
            ],
            "properties": {
                "status": 4,
                "author_email": "N/A",
                "author": "VS Code",
                "deployer": "Push-Deployer",
                "message": "Created via a push deployment",
                "start_time": "2019-11-07T05:39:11.567862Z",
                "end_time": "2019-11-07T05:39:25.1474715Z",
                "active": false
            }
        },
        {
            "type": "Microsoft.Web/sites/functions",
            "apiVersion": "2018-11-01",
            "name": "[concat(parameters('sites_iotfunc5546BE2E_name'), '/WindSpeedHttpTrigger')]",
            "location": "Central India",
            "dependsOn": [
                "[resourceId('Microsoft.Web/sites', parameters('sites_iotfunc5546BE2E_name'))]"
            ],
            "properties": {
                "script_root_path_href": "https://iotfunc5546be2e.azurewebsites.net/admin/vfs/site/wwwroot/WindSpeedHttpTrigger/",
                "script_href": "https://iotfunc5546be2e.azurewebsites.net/admin/vfs/site/wwwroot/bin/IoTFunctions.dll",
                "config_href": "https://iotfunc5546be2e.azurewebsites.net/admin/vfs/site/wwwroot/WindSpeedHttpTrigger/function.json",
                "href": "https://iotfunc5546be2e.azurewebsites.net/admin/functions/WindSpeedHttpTrigger",
                "config": {},
                "test_data": "{\"method\":\"post\",\"body\":\"[{\\r\\n            \\\"deviceId\\\": \\\"CWF-MX-001\\\",\\r\\n            \\\"windSpeed\\\": 10.3\\r\\n        }]\",\"queryStringParams\":[],\"headers\":[]}"
            }
        },
        {
            "type": "Microsoft.Web/sites/hostNameBindings",
            "apiVersion": "2018-11-01",
            "name": "[concat(parameters('sites_iotfunc5546BE2E_name'), '/', parameters('sites_iotfunc5546BE2E_name'), '.azurewebsites.net')]",
            "location": "Central India",
            "dependsOn": [
                "[resourceId('Microsoft.Web/sites', parameters('sites_iotfunc5546BE2E_name'))]"
            ],
            "properties": {
                "siteName": "iotfunc5546BE2E",
                "hostNameType": "Verified"
            }
        },
        {
            "type": "microsoft.alertsmanagement/smartdetectoralertrules",
            "apiVersion": "2019-06-01",
            "name": "[parameters('smartdetectoralertrules_failure_anomalies___iotfunc5546be2e_name')]",
            "location": "global",
            "dependsOn": [
                "[resourceId('microsoft.insights/components', parameters('components_iotfunc5546BE2E_name'))]",
                "[resourceId('microsoft.insights/actionGroups', parameters('actionGroups_Application_20Insights_20Smart_20Detection_name'))]"
            ],
            "properties": {
                "description": "Failure Anomalies notifies you of an unusual rise in the rate of failed HTTP requests or dependency calls.",
                "state": "Enabled",
                "severity": "Sev3",
                "frequency": "PT1M",
                "detector": {
                    "id": "FailureAnomaliesDetector"
                },
                "scope": [
                    "[resourceId('microsoft.insights/components', parameters('components_iotfunc5546BE2E_name'))]"
                ],
                "actionGroups": {
                    "groupIds": [
                        "[resourceId('microsoft.insights/actionGroups', parameters('actionGroups_Application_20Insights_20Smart_20Detection_name'))]"
                    ]
                }
            }
        },
        {
            "type": "Microsoft.DocumentDB/databaseAccounts/sqlDatabases/containers",
            "apiVersion": "2019-08-01",
            "name": "[concat(parameters('databaseAccounts_iotcosmos5546be2e_name'), '/iotcosmosdb5546be2e/iotcosmoscontainer5546be2e')]",
            "dependsOn": [
                "[resourceId('Microsoft.DocumentDB/databaseAccounts/sqlDatabases', parameters('databaseAccounts_iotcosmos5546be2e_name'), 'iotcosmosdb5546be2e')]",
                "[resourceId('Microsoft.DocumentDB/databaseAccounts', parameters('databaseAccounts_iotcosmos5546be2e_name'))]"
            ],
            "properties": {
                "resource": {
                    "id": "iotcosmoscontainer5546be2e",
                    "indexingPolicy": {
                        "indexingMode": "consistent",
                        "automatic": true,
                        "includedPaths": [
                            {
                                "path": "/*"
                            }
                        ],
                        "excludedPaths": [
                            {
                                "path": "/\"_etag\"/?"
                            }
                        ]
                    },
                    "partitionKey": {
                        "paths": [
                            "/deviceid"
                        ],
                        "kind": "Hash"
                    },
                    "conflictResolutionPolicy": {
                        "mode": "LastWriterWins",
                        "conflictResolutionPath": "/_ts"
                    }
                },
                "options": {}
            }
        },
        {
            "type": "Microsoft.DocumentDB/databaseAccounts/sqlDatabases/throughputSettings",
            "apiVersion": "2019-08-01",
            "name": "[concat(parameters('databaseAccounts_iotcosmos5546be2e_name'), '/iotcosmosdb5546be2e/default')]",
            "dependsOn": [
                "[resourceId('Microsoft.DocumentDB/databaseAccounts/sqlDatabases', parameters('databaseAccounts_iotcosmos5546be2e_name'), 'iotcosmosdb5546be2e')]",
                "[resourceId('Microsoft.DocumentDB/databaseAccounts', parameters('databaseAccounts_iotcosmos5546be2e_name'))]"
            ],
            "properties": {
                "resource": {
                    "throughput": 5000
                }
            }
        },
        {
            "type": "Microsoft.Storage/storageAccounts/blobServices/containers",
            "apiVersion": "2019-04-01",
            "name": "[concat(parameters('storageAccounts_storageaccountiotcaacbd_name'), '/default/azure-webjobs-hosts')]",
            "dependsOn": [
                "[resourceId('Microsoft.Storage/storageAccounts/blobServices', parameters('storageAccounts_storageaccountiotcaacbd_name'), 'default')]",
                "[resourceId('Microsoft.Storage/storageAccounts', parameters('storageAccounts_storageaccountiotcaacbd_name'))]"
            ],
            "properties": {
                "publicAccess": "None"
            }
        },
        {
            "type": "Microsoft.Storage/storageAccounts/blobServices/containers",
            "apiVersion": "2019-04-01",
            "name": "[concat(parameters('storageAccounts_storageaccountiotcaacbd_name'), '/default/azure-webjobs-secrets')]",
            "dependsOn": [
                "[resourceId('Microsoft.Storage/storageAccounts/blobServices', parameters('storageAccounts_storageaccountiotcaacbd_name'), 'default')]",
                "[resourceId('Microsoft.Storage/storageAccounts', parameters('storageAccounts_storageaccountiotcaacbd_name'))]"
            ],
            "properties": {
                "publicAccess": "None"
            }
        },
        {
            "type": "Microsoft.DocumentDB/databaseAccounts/sqlDatabases/containers/storedProcedures",
            "apiVersion": "2019-08-01",
            "name": "[concat(parameters('databaseAccounts_iotcosmos5546be2e_name'), '/iotcosmosdb5546be2e/iotcosmoscontainer5546be2e/bulkUpsert_v_2_0')]",
            "dependsOn": [
                "[resourceId('Microsoft.DocumentDB/databaseAccounts/sqlDatabases/containers', parameters('databaseAccounts_iotcosmos5546be2e_name'), 'iotcosmosdb5546be2e', 'iotcosmoscontainer5546be2e')]",
                "[resourceId('Microsoft.DocumentDB/databaseAccounts/sqlDatabases', parameters('databaseAccounts_iotcosmos5546be2e_name'), 'iotcosmosdb5546be2e')]",
                "[resourceId('Microsoft.DocumentDB/databaseAccounts', parameters('databaseAccounts_iotcosmos5546be2e_name'))]"
            ],
            "properties": {
                "resource": {
                    "id": "bulkUpsert_v_2_0",
                    "body": "// Copyright (c) Microsoft Corporation.  All rights reserved.\r\n\r\nfunction bulkUpsert_v_2_0(docs, optimizeForInserts, startIndex) {\r\n    /**\r\n* A DocumentDB stored procedure that upserts a batch of documents (insert new or update if present) using its id property.<br/>\r\n* This implementation queries for each document's id, and creates if absent and patches if found.\r\n* The script sets response body to the number of docs imported and is called multiple times \r\n* by the client until total number of docs desired by the client is imported.\r\n* @param  {Object[]} docs - Array of documents to import.\r\n* v2 : Uses a different API now to read documents\r\n*/\r\n    var ErrorCode = {\r\n        CONFLICT: 409,\r\n        FORBIDDEN: 403,\r\n        INSUFFICIENT_STORAGE: 507\r\n    };\r\n    var context = getContext();\r\n    var collection = context.getCollection();\r\n    var collectionLink = collection.getSelfLink();\r\n    var response = context.getResponse();\r\n    // The count of imported docs, also used as current doc index.\r\n    var count = startIndex;\r\n    var replaceCount = 0;\r\n\r\n    // Validate input.\r\n    if (!docs) {\r\n        throw new Error(\"Input documents array is undefined or null.\");\r\n    }\r\n\r\n    var docsLength = docs.length;\r\n    if (docsLength === 0) {\r\n        response.setBody(0);\r\n    }\r\n\r\n    tryCreate(docs[count], createCallback);\r\n\r\n    function tryCreate(doc, createCallback) {\r\n        var options = {\r\n            disableAutomaticIdGeneration: optimizeForInserts\r\n        };\r\n\r\n        // replace this with collection.UpsertDocument() when it supports patch\r\n        var isAccepted = collection.createDocument(collectionLink, doc, options, createCallback);\r\n\r\n        // If the request was accepted, createCallback will be called.\r\n        // Otherwise report current count back to the client, \r\n        // which will call the script again with remaining set of docs.\r\n        // This condition will happen when this stored procedure has been running too long\r\n        // and is about to get cancelled by the server. This will allow the calling client\r\n        // to resume this batch from the point we got to before isAccepted was set to false\r\n        if (!isAccepted) getContext().getResponse().setBody({ \"total\": count, \"replaced\": replaceCount });\r\n    }\r\n\r\n    // To replace the document, first issue a query to find it and then call replace.\r\n    function retrieveDoc(doc, continuation, retrieveCallback) {\r\n        var query = { query: \"select * from root r where r.id = @id\", parameters: [{ name: \"@id\", value: doc.id }] };\r\n        var requestOptions = { continuation: continuation };\r\n        var isAccepted = collection.readDocument(__.getAltLink() + '/docs/' + doc.id, requestOptions, function (err, retrievedDoc, responseOptions) {\r\n            if (err) {\r\n               throw err;\r\n            }\r\n\r\n            if (!retrievedDoc) {\r\n                throw new Error(\"Error in reading document.\");\r\n            }\r\n\r\n            retrieveCallback(retrievedDoc);\r\n        });\r\n\r\n        // this will be retried , set the current count \r\n        if (!isAccepted) getContext().getResponse().setBody({ \"total\": count, \"replaced\": replaceCount });\r\n    }\r\n\r\n    function tryReplace(document, replaceCallback) {\r\n        retrieveDoc(document, null, function (retrievedDoc) {\r\n            var existingDocSelfLink = retrievedDoc._self;\r\n            replaceCount = replaceCount + 1;\r\n            mergeReplace(retrievedDoc, document);\r\n            var isAccepted = collection.replaceDocument(existingDocSelfLink, retrievedDoc, replaceCallback);\r\n            if (!isAccepted) getContext().getResponse().setBody({ \"total\": count, \"replaced\": replaceCount });\r\n        });\r\n    }\r\n\r\n    // Merges properties recursively from source into dest object by reference. \r\n    // All properties present in the source are overwritten in dest\r\n    // Note - Array values are not merged but overwritten\r\n    function mergeReplace(dest, source) {\r\n\r\n        if (dest instanceof Array) {\r\n            var k = dest.length;\r\n            while (k > source.length) {\r\n                dest.pop();\r\n                k--;\r\n            }\r\n        }\r\n\r\n        for (var prop in source) {\r\n            if (source[prop] && source[prop] instanceof Object && dest[prop] instanceof Object) {\r\n                mergeReplace(dest[prop], source[prop]);\r\n            } else {\r\n                dest[prop] = source[prop];\r\n            }\r\n        }\r\n    }\r\n\r\n    function createCallback(err, doc, options) {\r\n        if (err) {\r\n            // Replace the document if status code is 409 and upsert is enabled\r\n            if (err.number === ErrorCode.CONFLICT) {\r\n                return tryReplace(docs[count], createCallback);\r\n            }\r\n            // storage quota exceeded, remap to a 507 so fx can indentify in substatus header\r\n            else if (err.number === ErrorCode.FORBIDDEN) {\r\n                err.number = ErrorCode.INSUFFICIENT_STORAGE;\r\n                throw err;\r\n            } else {\r\n                throw err;\r\n            }\r\n        } else {\r\n            // One more document has been inserted, increment the count.\r\n            count++;\r\n\r\n            if (count >= docsLength) {\r\n                // If we have created all documents, we are done. Just set the response.\r\n                getContext().getResponse().setBody({ \"total\": count, \"replaced\": replaceCount });\r\n            } else {\r\n                // Call the CRUD API to create a document.\r\n                return tryCreate(docs[count], createCallback);\r\n            }\r\n        }\r\n    }\r\n}\r\n"
                },
                "options": {}
            }
        }
    ]
}